name,value
alpha_k,0.8663457519872512
rho_k,0.025940233815521675
Qk,0.053313584737676986
